{
  "client.dll": {
    "dwCSGOInput": 27973328,
    "dwEntityList": 27490864,
    "dwGameEntitySystem": 28698520,
    "dwGameEntitySystem_highestEntityIndex": 8432,
    "dwGameRules": 27912272,
    "dwGlobalVars": 25689232,
    "dwGlowManager": 27912304,
    "dwLocalPlayerController": 27824320,
    "dwLocalPlayerPawn": 25739056,
    "dwPlantedC4": 27953680,
    "dwPrediction": 25738672,
    "dwSensitivity": 27917896,
    "dwSensitivity_sensitivity": 64,
    "dwViewAngles": 27974304,
    "dwViewMatrix": 27932688,
    "dwViewRender": 27934752,
    "dwWeaponC4": 27507888
  },
  "engine2.dll": {
    "dwBuildNumber": 5508068,
    "dwNetworkGameClient": 5504224,
    "dwNetworkGameClient_clientTickCount": 872,
    "dwNetworkGameClient_deltaTick": 636,
    "dwNetworkGameClient_isBackgroundMap": 2626631,
    "dwNetworkGameClient_localPlayer": 240,
    "dwNetworkGameClient_maxClients": 568,
    "dwNetworkGameClient_serverTickCount": 876,
    "dwNetworkGameClient_signOnState": 552,
    "dwWindowHeight": 6436124,
    "dwWindowWidth": 6436120
  },
  "inputsystem.dll": {
    "dwInputSystem": 231392
  },
  "matchmaking.dll": {
    "dwGameTypes": 1716624,
    "dwGameTypes_mapName": 288
  },
  "soundsystem.dll": {
    "dwSoundSystem": 3806704,
    "dwSoundSystem_engineViewData": 124
  }
}
